model,features,target,cv_mape,cv_std,folds,vs_best_ridge_%p,folds_improved
Baseline,-,raw,16.425762359350777,1.3919469113925698,"[16.555960336038417, 16.67294385441231, 14.287610264380998, 18.186534982571388]",7.5901146637639645,0
Ridge,dQ,raw,8.835647695586813,2.325048187665189,"[6.550549896729803, 10.089496157658916, 12.025019807771345, 6.677524920187191]",0.0,0
Ridge,dQ,log,8.956213428459215,2.0739511999064875,"[7.041058492844867, 10.626533072640285, 11.393510770538436, 6.763751377813268]",0.12056573287240191,1
Ridge,policy_raw,raw,16.161604268008556,1.3029367482273677,"[14.2785595824405, 17.287161810718196, 15.620851720922122, 17.459843957953407]",7.3259565724217435,0
Ridge,policy_raw,log,15.90302488985361,1.7157945930936358,"[13.461697483751658, 17.212367720058595, 15.153598679390004, 17.78443567621418]",7.067377194266797,0
Ridge,policy_derived,raw,16.768577131519603,1.1333933693006404,"[18.317126399130373, 15.370188775403944, 16.071583040332847, 17.315410311211245]",7.93292943593279,0
Ridge,policy_derived,log,16.808775346462806,1.0005119423756663,"[17.844974635843077, 16.344767646994946, 15.393214442022371, 17.652144660990825]",7.973127650875993,0
Ridge,dQ+policy_raw,raw,10.185449605705605,1.6318119247357084,"[9.726140833410936, 12.4090867811175, 10.706725185119957, 7.899845623174022]",1.3498019101187921,1
Ridge,dQ+policy_raw,log,9.80277365031597,2.3034773044854915,"[8.127968724563681, 13.255342089684245, 10.482108850134333, 7.345674936881625]",0.9671259547291573,1
Ridge,dQ+policy_derived,raw,10.431126877347117,2.585041524573913,"[8.292569334446107, 12.501852126028906, 13.45386609593395, 7.4762199529795]",1.5954791817603038,0
Ridge,dQ+policy_derived,log,10.189115951743247,2.876328406495304,"[7.873770402199069, 13.537765485953921, 12.499558150352357, 6.845369768467643]",1.3534682561564342,0
ElasticNet,dQ,raw,8.846889458059811,2.331311808715722,"[6.550818631523285, 10.134347852787009, 12.02532348695357, 6.677067860975383]",0.011241762472998573,1
ElasticNet,dQ,log,8.961756420496142,2.07845562002509,"[7.041018079811254, 10.648771841716217, 11.393498120252065, 6.763737640205034]",0.12610872490932934,1
ElasticNet,policy_raw,raw,16.249399128733998,1.3631664964960541,"[14.281401851375847, 17.58108742650857, 15.677598556792574, 17.457508680258996]",7.413751433147185,0
ElasticNet,policy_raw,log,15.956798978919249,1.6866993240055734,"[13.564081715085132, 17.25337470450207, 15.206245324733244, 17.803494171356547]",7.121151283332436,0
ElasticNet,policy_derived,raw,16.73092361751749,1.3242496406439086,"[18.436504794181303, 14.958109354738752, 16.071571640890916, 17.457508680258996]",7.895275921930677,0
ElasticNet,policy_derived,log,17.218690929985986,1.0582702405616664,"[17.973081128076668, 17.70493257957716, 15.393255840933563, 17.803494171356547]",8.383043234399173,0
ElasticNet,dQ+policy_raw,raw,10.404610341907599,1.5240429907059603,"[10.248846707063167, 12.408895587668775, 10.810930315799142, 8.14976875709931]",1.5689626463207862,1
ElasticNet,dQ+policy_raw,log,10.429892292372784,2.0771624509306306,"[8.89143965408616, 13.274330438373786, 11.501421418685268, 8.052377658345922]",1.5942445967859715,1
ElasticNet,dQ+policy_derived,raw,10.441575683600258,2.550060285827801,"[8.418451248406782, 12.376482445528215, 13.499854555985397, 7.471514484480633]",1.6059279880134447,0
ElasticNet,dQ+policy_derived,log,10.82023044325205,2.067757060663498,"[9.602621093023684, 13.108955784249993, 12.499169693131318, 8.070175202603211]",1.9845827476652378,0
"Tree(d2,leaf5)",dQ,raw,10.770158229904526,1.5469402609220526,"[12.072844198395469, 9.141072816228187, 12.540827760453425, 9.325888144541024]",1.9345105343177131,1
"Tree(d2,leaf5)",dQ+policy_raw,log,12.434290067437665,3.8078525686798104,"[18.621678071612386, 9.251292412575514, 12.524347961332555, 9.339841824230202]",3.5986423718508522,1
