cell_id,batch,cycle_life,early,late
B1_c05,B1,1074.0,0.004406666666666325,0.644504841713222
B1_c06,B1,636.0,0.020651111111111595,1.1154944968553453
B1_c07,B1,870.0,0.02027222222222353,0.7930375862068969
B1_c09,B1,1054.0,-0.011431111111111688,0.6430906072106259
B1_c11,B1,788.0,-0.020522222222221467,0.7827259517766497
B1_c14,B1,880.0,-0.011105555555556023,0.7435045454545448
B1_c15,B1,719.0,-0.012615555555556886,0.9174575104311549
B1_c16,B1,862.0,-0.005857777777778455,0.8652704756380512
B1_c17,B1,857.0,-0.015061111111111834,0.7959381563593937
B1_c18,B1,691.0,0.0537377777777786,0.856907308248914
B1_c19,B1,788.0,0.015562222222221934,0.8127999999999997
B1_c20,B1,534.0,0.16032777777777638,0.7702042134831459
B1_c21,B1,559.0,0.10076222222222203,1.0111858676207512
B1_c23,B1,1014.0,0.010706666666668616,0.6631393984220906
B1_c24,B1,1017.0,0.0008066666666664249,0.6237508357915443
B1_c25,B1,854.0,0.0033544444444440677,0.7172027517564399
B1_c26,B1,870.0,0.018489999999999403,0.7960651149425284
B1_c27,B1,842.0,0.014074444444443933,0.807196733966746
B1_c28,B1,860.0,0.014068888888890067,0.735330406976744
B1_c29,B1,917.0,0.010668888888888518,0.7005575245365323
B1_c30,B1,709.0,0.021704444444443145,1.019641960507758
B1_c31,B1,876.0,0.030997777777779727,0.8433417237442918
B1_c32,B1,731.0,0.018535555555554417,0.9144413816689465
B1_c33,B1,757.0,0.026952222222220712,0.9168005944517839
B1_c34,B1,742.0,0.004573333333334083,0.9672429245283011
B1_c35,B1,703.0,0.0016477777777776678,0.9425206258890473
B1_c36,B1,704.0,0.014728888888888077,0.9473244318181808
B1_c37,B1,648.0,0.016815555555556767,1.00214050925926
B1_c38,B1,617.0,0.012663333333332952,1.1190987034035649
B1_c39,B1,625.0,0.00935555555555566,1.13980208
B1_c40,B1,966.0,0.01571888888888879,0.6577986024844723
B1_c41,B1,1051.0,0.006433333333334524,0.6289300190294957
B1_c42,B1,702.0,0.005442222222222052,0.8871686609686603
B1_c43,B1,651.0,0.028872222222221647,0.9928114439324122
B1_c44,B1,616.0,0.03875222222222203,1.0052249188311693
B1_c45,B1,599.0,0.018777777777777435,1.0789414023372284
B2_c00,B2,477.0,-0.003586666666666183,2.3313147798742144
B2_c01,B2,491.0,0.0501277777777778,1.9188214867617102
B2_c02,B2,424.0,0.008490000000000504,2.353973820754716
B2_c03,B2,499.0,-0.011522222222224186,2.062802905811623
B2_c04,B2,444.0,0.0887611111111106,2.0102990990990985
B2_c05,B2,416.0,0.22624444444444436,1.862821274038461
B2_c06,B2,393.0,-0.0007055555555554901,2.401292111959287
B2_c07,B2,777.0,-0.05327111111111085,1.2754517374517365
B2_c08,B2,904.0,0.014392222222222214,1.221492256637168
B2_c09,B2,791.0,0.0045277777777766,1.3972415929203545
B2_c10,B2,492.0,-0.061829999999998525,2.1555749999999985
B2_c11,B2,449.0,-0.12407888888888872,2.6136220489977724
B2_c12,B2,466.0,-0.04300666666666607,2.000292060085838
B2_c13,B2,460.0,0.013761111111110225,2.1587446739130436
B2_c14,B2,426.0,0.06699888888889048,2.0635920187793424
B2_c15,B2,396.0,-0.07102444444444522,2.2607690656565653
B2_c16,B2,472.0,0.016992222222222964,1.9877274364406787
B2_c17,B2,471.0,-0.012016666666666195,1.8701900212314218
B2_c18,B2,449.0,-0.08678666666666797,2.229641648106904
B2_c19,B2,392.0,-0.018405555555554995,2.6671501275510208
B2_c20,B2,489.0,-0.04869111111111114,2.4597705521472384
B2_c21,B2,408.0,-0.0064422222222212016,2.5524604166666665
B2_c24,B2,514.0,-0.05895333333333487,2.0580870622568086
B2_c25,B2,493.0,-0.07285777777777823,2.4166183569979722
B2_c26,B2,450.0,-0.004515555555554644,2.152671444444444
B2_c27,B2,474.0,-0.08814666666666761,2.4721381856540074
B2_c28,B2,437.0,-0.05486777777777717,2.2008852402745993
B2_c29,B2,452.0,-0.11754777777777854,2.613873119469026
B2_c30,B2,412.0,0.05286333333333183,2.3569245145631084
B2_c31,B2,425.0,-0.023027777777779375,2.2652622352941165
B2_c32,B2,809.0,0.032083333333332575,1.1856672435105056
B2_c33,B2,1140.0,0.06407111111111055,0.828113289473684
B2_c34,B2,1186.0,0.047173333333332894,0.7529072091062392
B2_c41,B2,442.0,-0.03721111111110916,2.314231447963802
B2_c42,B2,474.0,-0.10241888888888884,2.329038713080169
B2_c43,B2,1029.0,0.04748888888888766,1.0667455782312927
B2_c44,B2,841.0,0.01163444444444285,1.410037039239001
B2_c45,B2,997.0,0.0450711111111119,1.073249598796389
B2_c46,B2,503.0,0.014120000000001416,2.0825166003976143
B3_c00,B3,1009.0,0.010497777777778654,0.6878899900891969
B3_c01,B3,1063.0,0.019664444444446164,0.6335075258701784
B3_c02,B3,1267.0,0.022743333333334153,0.4715553275453827
B3_c03,B3,1115.0,0.015564444444445455,0.5814867264573992
B3_c04,B3,1048.0,0.008048888888888427,0.6221404580152674
B3_c05,B3,828.0,0.01949555555555735,0.7039038647342989
B3_c06,B3,667.0,0.20748777777777802,0.4572699400299849
B3_c07,B3,1836.0,0.007238888888889189,0.3268295751633986
B3_c08,B3,828.0,0.010103333333333353,0.8354150362318834
B3_c09,B3,1039.0,0.003947777777778426,0.6863527430221368
B3_c10,B3,1078.0,0.007254444444443959,0.6134691094619669
B3_c11,B3,817.0,0.024473333333335172,0.7649193390452868
B3_c12,B3,932.0,0.010662222222222894,0.7686707081545062
B3_c13,B3,816.0,0.01789333333333223,0.7510778799019614
B3_c14,B3,858.0,-0.0012177777777782556,0.797551981351982
B3_c15,B3,876.0,0.01814999999999826,0.705602853881279
B3_c16,B3,1638.0,0.012167777777779184,0.36189096459096437
B3_c17,B3,1315.0,0.027363333333332542,0.468746692015209
B3_c18,B3,1146.0,0.03295555555555336,0.5481717277486906
B3_c19,B3,1155.0,0.03265666666666759,0.5600150216450218
B3_c20,B3,813.0,0.011987777777777708,0.865330196801968
B3_c21,B3,772.0,0.1637355555555553,0.5478029792746115
B3_c22,B3,1002.0,0.017758888888888238,0.6729671656686623
B3_c24,B3,825.0,-0.0013644444444442054,0.7366063030303035
B3_c25,B3,989.0,-0.002306666666666383,0.6877250758341761
B3_c26,B3,1028.0,0.005724444444443755,0.6465160019455258
B3_c27,B3,850.0,0.012090000000000403,0.752401823529412
B3_c28,B3,541.0,0.20498111111111328,0.5781793900184841
B3_c29,B3,858.0,0.002528888888890061,0.7340007575757569
B3_c30,B3,935.0,0.00798222222222231,0.7551478609625665
B3_c31,B3,731.0,0.011867777777776724,0.9710670998632008
B3_c33,B3,1284.0,0.017034444444445167,0.5024100077881624
B3_c34,B3,1158.0,0.02717333333333263,0.5434808290155443
B3_c35,B3,1093.0,0.022012222222222988,0.5502874656907591
B3_c36,B3,923.0,0.025122222222222983,0.6976634886240519
B3_c37,B3,1390.0,0.004898888888887281,0.398686223021583
B3_c38,B3,1935.0,0.012376666666666678,0.3102385529715761
B3_c39,B3,1156.0,0.010148888888888367,0.5233665657439448
B3_c40,B3,796.0,0.015533333333333448,0.7672031407035169
B3_c41,B3,786.0,-0.003835555555554827,0.7691858778625947
B3_c42,B3,1642.0,0.0010177777777774387,0.3601873934226553
B3_c43,B3,1046.0,0.0016044444444437052,0.6941295889101338
B3_c44,B3,940.0,-0.0017655555555551317,0.7846937234042549
B3_c45,B3,1801.0,0.0030644444444449803,0.336718378678512
