feature,B1,B2,B3
QD10,0.10040705582190128,0.07733576312523023,0.12995982835855927
QD100_minus_QD10,0.6126187257241679,-0.05456017843520824,0.03150327726479176
IR_mean,0.18903416836248615,-0.1992145072552431,0.16865177291867264
Tavg_mean,-0.37146910148360657,0.16550258208082647,0.025371766924664505
Tmax_mean,-0.32299247625263944,-0.13594493439422012,-0.03509761091245256
chargetime_mean,0.6130504513941638,-0.39325842898104635,0.19197970306329473
log_var_dQ,-0.8711607269559923,-0.7089786451951733,-0.7972372984772357
mean_dQ,0.8281115101478308,0.6972365659772065,0.7561491314853485
min_dQ,0.8500061691261938,0.6608968552940159,0.7760236822430022
high_current_fraction10,-0.28992845745755835,0.05314303094338464,0.3955176555033811
