cell_id,batch,cycle_life,knee,gain,slope_ratio,found
B1_c05,B1,1074.0,897.0,0.9487633343766607,9.447584342824081,True
B1_c06,B1,636.0,515.0,0.9632348100622327,9.084770659722135,True
B1_c07,B1,870.0,654.0,0.9609255751558294,8.131345673197586,True
B1_c09,B1,1054.0,796.0,0.9590225118488322,8.041417388258653,True
B1_c11,B1,788.0,605.0,0.9741059731566312,9.69655300304242,True
B1_c14,B1,880.0,662.0,0.9831675667826383,9.113334151462539,True
B1_c15,B1,719.0,563.0,0.977576116065442,11.090376630572,True
B1_c16,B1,862.0,680.0,0.9757458721333248,11.482318132063208,True
B1_c17,B1,857.0,660.0,0.9739922391048883,10.676715794005101,True
B1_c18,B1,691.0,563.0,0.9770768510881264,7.492686089059011,True
B1_c19,B1,788.0,577.0,0.9812457206320522,7.396255352134793,True
B1_c20,B1,534.0,433.0,0.9514136984332134,2.5617801561677576,True
B1_c21,B1,559.0,456.0,0.9426674381663951,4.341940234856234,True
B1_c23,B1,1014.0,785.0,0.96148623588579,8.342067280572273,True
B1_c24,B1,1017.0,767.0,0.9681965502511117,7.56038797067048,True
B1_c25,B1,854.0,610.0,0.9774526177756668,8.11729406652208,True
B1_c26,B1,870.0,654.0,0.9669956999521891,8.758016562627457,True
B1_c27,B1,842.0,648.0,0.9660947737909361,9.042083232355521,True
B1_c28,B1,860.0,631.0,0.9818009543934303,8.495249638568092,True
B1_c29,B1,917.0,690.0,0.9761675544408112,7.931065038495609,True
B1_c30,B1,709.0,554.0,0.9765447070236815,10.992733297851757,True
B1_c31,B1,876.0,675.0,0.9772237963381744,9.689466057084998,True
B1_c32,B1,731.0,547.0,0.976516344347044,8.980949303483715,True
B1_c33,B1,757.0,567.0,0.9680476460532638,8.251981802987315,True
B1_c34,B1,742.0,581.0,0.9700784861511718,11.36266781237107,True
B1_c35,B1,703.0,526.0,0.9715001940249991,10.126762179464894,True
B1_c36,B1,704.0,526.0,0.9777366838484345,9.661745017794164,True
B1_c37,B1,648.0,494.0,0.9762131243602552,8.888319823085723,True
B1_c38,B1,617.0,479.0,0.97632413211562,10.067415996114306,True
B1_c39,B1,625.0,476.0,0.978847217278394,10.028525201479667,True
B1_c40,B1,966.0,709.0,0.9523851262450136,7.143666478149277,True
B1_c41,B1,1051.0,814.0,0.9721889663857857,7.967121174595107,True
B1_c42,B1,702.0,501.0,0.9814790734804786,8.69293745759432,True
B1_c43,B1,651.0,496.0,0.9839422377905711,9.631916526504387,True
B1_c44,B1,616.0,439.0,0.9769043543635234,7.574434831849206,True
B1_c45,B1,599.0,436.0,0.978267945578614,8.480612048714148,True
B2_c00,B2,477.0,383.0,0.9278612189484854,9.746031105291538,True
B2_c01,B2,491.0,383.0,0.8645354885716915,4.957949024046122,True
B2_c02,B2,424.0,355.0,0.8666822462776047,8.227304553735822,True
B2_c03,B2,499.0,403.0,0.9245438974184813,6.530547738227603,True
B2_c04,B2,444.0,338.0,0.8710000384180847,5.054731685256541,True
B2_c05,B2,416.0,247.0,0.8509431538570422,3.5808530906755647,True
B2_c06,B2,393.0,296.0,0.8911314553306412,5.743376074014954,True
B2_c07,B2,777.0,611.0,0.9296811996202861,6.982625710633126,True
B2_c08,B2,904.0,715.0,0.9591366831414195,17.32093471805449,True
B2_c09,B2,791.0,622.0,0.9301775487285013,13.279715013886783,True
B2_c10,B2,492.0,371.0,0.94093246749997,7.365473510551337,True
B2_c11,B2,449.0,353.0,0.955832208103123,13.632275488480813,True
B2_c12,B2,466.0,344.0,0.9259018042744181,4.439446036910495,True
B2_c13,B2,460.0,351.0,0.9412669541434552,6.9655392177330295,True
B2_c14,B2,426.0,342.0,0.9461969278000143,5.0856510684208525,True
B2_c15,B2,396.0,306.0,0.9227235669122539,4.930796561155995,True
B2_c16,B2,472.0,361.0,0.890607899614048,5.18821254805047,True
B2_c17,B2,471.0,342.0,0.8825788651521557,4.177283216812771,True
B2_c18,B2,449.0,363.0,0.9130212567602116,8.20920443963523,True
B2_c19,B2,392.0,311.0,0.9052479626904165,8.61243489511417,True
B2_c20,B2,489.0,394.0,0.952036369385111,22.4461234497686,True
B2_c21,B2,408.0,308.0,0.9188413653444458,8.541139059364735,True
B2_c24,B2,514.0,402.0,0.9431492759369967,8.770918673990355,True
B2_c25,B2,493.0,397.0,0.9524462289115403,17.711483447546737,True
B2_c26,B2,450.0,353.0,0.9274169904985455,4.873288791686813,True
B2_c27,B2,474.0,380.0,0.9582141139199366,14.602492271776754,True
B2_c28,B2,437.0,342.0,0.9309137150064891,5.7006785692370405,True
B2_c29,B2,452.0,355.0,0.9551276373065755,12.79870276594995,True
B2_c30,B2,412.0,325.0,0.9125544420077151,5.912307576590432,True
B2_c31,B2,425.0,336.0,0.9130550064063077,4.685941397905814,True
B2_c32,B2,809.0,623.0,0.922190521805113,6.844831239718122,True
B2_c33,B2,1140.0,909.0,0.9835900108196004,9.813364153339062,True
B2_c34,B2,1186.0,947.0,0.9747443943149592,8.491030850061263,True
B2_c41,B2,442.0,346.0,0.9284274105396604,6.027163341574901,True
B2_c42,B2,474.0,356.0,0.9508602558196386,10.388703082272558,True
B2_c43,B2,1029.0,818.0,0.947940314764433,13.412158709098524,True
B2_c44,B2,841.0,694.0,0.9564171425618094,22.03362865146829,True
B2_c45,B2,997.0,753.0,0.938545664228529,13.618497847144129,True
B2_c46,B2,503.0,400.0,0.9314545937984557,6.769571053228809,True
B3_c00,B3,1009.0,840.0,0.9561681307935644,11.45790155758047,True
B3_c01,B3,1063.0,866.0,0.9767113873040689,11.09967114800439,True
B3_c02,B3,1267.0,986.0,0.9868841172846832,8.620578414526898,True
B3_c03,B3,1115.0,910.0,0.9723946381023889,10.482793291777085,True
B3_c04,B3,1048.0,832.0,0.9634569301731677,8.921571839751865,True
B3_c05,B3,828.0,697.0,0.9409446164406937,8.69069416077186,True
B3_c06,B3,667.0,465.0,0.9551415446002962,1.8767796023897083,True
B3_c07,B3,1836.0,1438.0,0.9710024763069129,7.1586411616841055,True
B3_c08,B3,828.0,697.0,0.9521254673770361,11.51173784239571,True
B3_c09,B3,1039.0,846.0,0.9545808387600025,12.095898561006106,True
B3_c10,B3,1078.0,879.0,0.9781175147369998,11.344620427762912,True
B3_c11,B3,817.0,658.0,0.9458058676324976,7.787511900705484,True
B3_c12,B3,932.0,755.0,0.9487366454264281,11.426692968054752,True
B3_c13,B3,816.0,642.0,0.9418101860091599,6.990922223919452,True
B3_c14,B3,858.0,677.0,0.9408448950653701,9.024504613767544,True
B3_c15,B3,876.0,691.0,0.9367822564714856,7.234108896406389,True
B3_c16,B3,1638.0,1317.0,0.9852794634763943,7.604899487609646,True
B3_c17,B3,1315.0,1024.0,0.9870845110971161,8.350372281847658,True
B3_c18,B3,1146.0,913.0,0.9812749319673,8.815113788260094,True
B3_c19,B3,1155.0,920.0,0.9870430317199066,8.933138686514278,True
B3_c20,B3,813.0,684.0,0.9611965436950309,12.897129109156065,True
B3_c21,B3,772.0,606.0,0.9233563211638187,3.093326673927225,True
B3_c22,B3,1002.0,873.0,0.9479028664732073,14.644194678864691,True
B3_c24,B3,825.0,695.0,0.939983008359871,10.025353175933564,True
B3_c25,B3,989.0,822.0,0.967835305810769,11.87884470470905,True
B3_c26,B3,1028.0,796.0,0.9731426353727671,9.180455991079453,True
B3_c27,B3,850.0,686.0,0.9579010014222273,9.39044093718667,True
B3_c28,B3,541.0,386.0,0.9365566022891536,2.029673588739463,True
B3_c29,B3,858.0,677.0,0.9475932294870689,7.623511592819315,True
B3_c30,B3,935.0,775.0,0.9487979827142831,11.872972996905373,True
B3_c31,B3,731.0,598.0,0.9572708159096982,11.739157209045757,True
B3_c33,B3,1284.0,1080.0,0.9776519064623703,11.13023191603211,True
B3_c34,B3,1158.0,923.0,0.9901300545177717,9.073181969553403,True
B3_c35,B3,1093.0,848.0,0.9716056365127911,7.982557068782611,True
B3_c36,B3,923.0,800.0,0.9358940247652024,11.563134945754488,True
B3_c37,B3,1390.0,1172.0,0.9401748350547838,8.024175858766696,True
B3_c38,B3,1935.0,1517.0,0.9735984331071489,6.62280227603713,True
B3_c39,B3,1156.0,1015.0,0.957895838280073,12.226656214770822,True
B3_c40,B3,796.0,626.0,0.9499419600750094,7.741850246879403,True
B3_c41,B3,786.0,618.0,0.9553151994061685,9.370007309135259,True
B3_c42,B3,1642.0,1320.0,0.9568222242526057,6.615909297715815,True
B3_c43,B3,1046.0,872.0,0.9703781910525213,12.91514910205845,True
B3_c44,B3,940.0,798.0,0.9417783193061079,13.664565778001412,True
B3_c45,B3,1801.0,1450.0,0.9699004450046171,7.084642335228792,True
