batch,group,policy_key,n,life_mean,life_median,log_var_dQ_mean
B1,standard,3.6C(80%)-3.6C,3,1182.0,1179.0,-4.921940134034727
B1,standard,4.4C(80%)-4.4C,1,1074.0,1074.0,-4.178877963304522
B1,standard,4.8C(80%)-4.8C,2,753.0,753.0,-3.791181988777355
B1,standard,4C(80%)-4C,2,1226.5,1226.5,-4.545178509792436
B1,standard,5.4C(40%)-3.6C,2,966.5,966.5,-4.030289143270339
B1,standard,5.4C(50%)-3.6C,2,899.5,899.5,-4.086598553315784
B1,standard,5.4C(50%)-3C,2,847.0,847.0,-4.084734838494624
B1,standard,5.4C(60%)-3.6C,2,859.5,859.5,-4.034786563303074
B1,standard,5.4C(60%)-3C,2,799.5,799.5,-4.032009471578943
B1,standard,5.4C(70%)-3C,2,739.5,739.5,-3.6349936862953385
B1,standard,5.4C(80%)-5.4C,2,546.5,546.5,-3.3587877309227223
B1,standard,6C(30%)-3.6C,2,952.5,952.5,-3.9964811582353352
B1,standard,6C(40%)-3.6C,2,856.0,856.0,-3.8244615984206414
B1,standard,6C(40%)-3C,2,935.5,935.5,-3.9832756720983964
B1,standard,6C(50%)-3.6C,2,792.5,792.5,-3.7612159209931755
B1,standard,6C(50%)-3C,2,888.5,888.5,-3.841496756229638
B1,standard,6C(60%)-3C,2,744.0,744.0,-3.6567605473285014
B1,standard,7C(30%)-3.6C,2,722.5,722.5,-3.810610986302433
B1,standard,7C(40%)-3.6C,2,621.0,621.0,-3.4687909469998734
B1,standard,7C(40%)-3C,2,676.0,676.0,-3.6717201179554326
B1,standard,8C(15%)-3.6C,2,1008.5,1008.5,-4.063363337167118
B1,standard,8C(25%)-3.6C,2,676.5,676.5,-3.6668174284519077
B1,standard,8C(35%)-3.6C,2,607.5,607.5,-3.4229961202526464
B2,newstructure,4.8C(80%)-4.8C,3,871.6666666666666,809.0,-4.211639391231773
B2,newstructure,5.2C(58%)-4C,3,961.6666666666666,904.0,-4.232858093321276
B2,newstructure,5.6C(26%)-4.5C,3,991.3333333333334,997.0,-4.3227419350527745
B2,standard,3.6C(30%)-6C,2,421.0,421.0,-3.1022008452640106
B2,standard,3.6C(9%)-5C,2,394.5,394.5,-3.5231458066393317
B2,standard,4.65C(44%)-5C,2,482.5,482.5,-3.332105682562835
B2,standard,4.65C(69%)-6C,2,452.0,452.0,-3.2884772670551934
B2,standard,4.8C(80%)-4.8C,5,483.6,492.0,-3.5037905350378282
B2,standard,5.2C(50%)-4.25C,5,454.0,449.0,-3.524347120634869
B2,standard,5.2C(58%)-4C,4,477.75,483.0,-3.4928240842069282
B2,standard,5.6C(26%)-4.5C,6,448.5,446.0,-3.288430550447089
B2,standard,6C(60%)-3C,2,400.0,400.0,-3.3093185398709997
B3,newstructure,3.7C(31%)-5.9C,3,660.0,667.0,-3.5605642572305753
B3,newstructure,4.8C(80%)-4.8C,6,1564.1666666666667,1640.0,-4.5934188244187615
B3,newstructure,5.3C(54%)-4C,8,1074.375,1051.0,-4.230766142277536
B3,newstructure,5.6C(19%)-4.6C,8,1001.375,1038.0,-4.242594986574858
B3,newstructure,5.6C(36%)-4.3C,8,930.875,890.5,-4.119066361737629
B3,newstructure,5.9C(15%)-4.6C,2,867.0,867.0,-4.032130261065339
B3,newstructure,5.9C(60%)-3.1C,2,866.5,866.5,-3.9432127112650903
B3,newstructure,5C(67%)-4C,7,1105.7142857142858,1009.0,-4.230459673256775
