cell_id,batch,policy,group,barcode,channel_id,cycle_life,n_cycles,n_summary,last_QD,C1,SOC1,C2,mean_C,max_C,policy_key,var_dQ,log_var_dQ,mean_dQ,min_dQ,QD10,QD100_minus_QD10,Tavg_mean,Tmax_mean,chargetime_mean,IR_mean,near_eol,log_cycle_life,split,pred,ape_%
B1_c06,B1,4.8C(80%)-4.8C,standard,,,636.0,635,635,0.8800565,4.8,80.0,4.8,4.8,4.8,4.8C(80%)-4.8C,0.00017026371292231957,-3.7688779002277237,-0.015965056248274823,-0.03788603931347978,1.0811012,-0.0018586000000000436,32.27384521945563,35.79263145454546,10.04485760942758,0.01667571006122449,True,2.803457115648414,valid,783.8822878056459,23.251932044912877
B1_c07,B1,4.8C(80%)-4.8C,standard,,,870.0,869,869,0.88110596,4.8,80.0,4.8,4.8,4.8,4.8C(80%)-4.8C,0.00015364340477588736,-3.8134860773269867,-0.016645727245619735,-0.03823338650707442,1.097587,-0.0018245000000001177,31.99008450921703,35.32269474747475,10.044094528619514,0.016213918408163264,True,2.9395192526186187,valid,806.0945481679088,7.345454233573704
B1_c20,B1,5.4C(80%)-5.4C,standard,,,534.0,533,533,0.88078493,5.4,80.0,5.4,5.4,5.4,5.4C(80%)-5.4C,0.00042930168171296525,-3.367237410245857,-0.03279598300714767,-0.06358042689660326,1.0757242,-0.014476399999999945,32.152922017545066,34.92834715151515,9.027207626262616,0.015210366091836734,True,2.727541257028556,valid,583.8888400650642,9.342479412933368
B1_c21,B1,5.4C(80%)-5.4C,standard,,,559.0,558,558,0.88016534,5.4,80.0,5.4,5.4,5.4,5.4C(80%)-5.4C,0.00044633603224653485,-3.3503380515995875,-0.030657577112710634,-0.06472026276575493,1.0858023,-0.009073200000000003,33.136973711356525,36.94892544444445,8.987271380471347,0.015090236234693877,True,2.747411807886423,valid,575.4739489259148,2.9470391638487983
B1_c32,B1,6C(60%)-3C,standard,,,731.0,730,730,0.88080907,6.0,60.0,3.0,4.8,6.0,6C(60%)-3C,0.00022570256930208902,-3.6464634970703615,-0.020730273837007353,-0.04556628526257467,1.0810486,-0.0016681999999998975,33.08050304573434,36.23561784848485,10.129902676767715,0.016167064252525253,True,2.8639173769578603,valid,722.9270824635457,1.1043662840566717
B1_c33,B1,6C(60%)-3C,standard,,,757.0,756,756,0.88011229,6.0,60.0,3.0,4.8,6.0,6C(60%)-3C,0.00021524962445427153,-3.6670575975866413,-0.021651569301358076,-0.044901781211682756,1.0961914,-0.002425699999999864,33.671697614422236,37.731304424242424,10.129993047138068,0.016483775656565655,True,2.8790958795000727,valid,733.1817387248027,3.1464017536588242
B1_c42,B1,8C(25%)-3.6C,standard,,,702.0,701,701,0.88035142,8.0,25.0,3.6,4.347169811320755,8.0,8C(25%)-3.6C,0.00021584610431745794,-3.6658557852690015,-0.020599210252813277,-0.04470964572873015,1.0837516,-0.0004695000000001226,33.585067243916896,37.673212,11.178124326599383,0.016715622838383837,True,2.846337112129805,valid,732.5833065573867,4.356596375696106
B1_c43,B1,8C(25%)-3.6C,standard,,,651.0,650,650,0.88044435,8.0,25.0,3.6,4.347169811320755,8.0,8C(25%)-3.6C,0.00021489233671107995,-3.667779071634814,-0.019165626778476195,-0.044605890152637384,1.0714344,-0.002598499999999948,33.339782658681436,36.82060524242424,11.17782324915825,0.016104855565656565,True,2.813580988568192,valid,733.5409905580925,12.679107612610219
B2_c00,B2,5.2C(58%)-4C,standard,,,477.0,496,496,0.82661337,5.2,58.0,4.0,4.803695150115473,5.2,5.2C(58%)-4C,0.0003256380937000854,-3.4872647963011447,-0.025801000173386008,-0.055061277717081025,1.1037184,0.0015544999999999032,31.80847092623002,35.36620380400637,10.17325806397317,0.017335808494949496,True,2.678518379040114,test,643.6554506514883,34.938249612471346
B2_c01,B2,5.6C(26%)-4.5C,standard,,,491.0,513,513,0.82848173,5.6,26.0,4.5,4.8068669527897,5.6,5.6C(26%)-4.5C,0.0005034410615908589,-3.2980513654760366,-0.035595007639683186,-0.0661147205894651,1.1083114,-0.006769200000000142,33.60099815475848,36.451634705216804,10.198514225589118,0.01755231991919192,True,2.6910814921229687,test,549.43824065046,11.901882006203664
B2_c02,B2,5.2C(50%)-4.25C,standard,,,424.0,439,439,0.82700932,5.2,50.0,4.25,4.797829036635006,5.2,5.2C(50%)-4.25C,0.00034653861464528006,-3.4602483651128177,-0.025013386420214043,-0.052717818544041395,1.078596,-0.005759800000000093,33.17566129490617,37.429077970617,10.175037020202078,0.01646109804040404,True,2.6273658565927325,test,630.2028497465257,48.63274758172775
B2_c03,B2,4.65C(44%)-5C,standard,,,499.0,517,517,0.82550967,4.65,44.0,5.0,4.80123902942695,5.0,4.65C(44%)-5C,0.000318975262145792,-3.496242996974693,-0.020089882918698704,-0.05586845261151374,1.0984287,0.001900600000000141,33.93805810095692,38.772733971659186,10.173178956229002,0.015915169535353536,True,2.6981005456233897,test,648.1260689083548,29.884983749169297
B2_c04,B2,4.65C(69%)-6C,standard,,,444.0,464,464,0.82712674,4.65,69.0,6.0,4.798452112221864,6.0,4.65C(69%)-6C,0.0005854545529657333,-3.232506812226559,-0.034781796484889084,-0.07029720690084085,1.0907151,-0.009355000000000002,33.04820861652687,37.435182660123296,10.231960420875373,0.016186317888888888,True,2.6473829701146196,test,516.800890801666,16.396597027402255
B2_c05,B2,3.6C(30%)-6C,standard,,,416.0,445,445,0.8261537,3.6,30.0,6.0,4.800000000000001,6.0,3.6C(30%)-6C,0.0008205749892219913,-3.085881724279185,-0.04648540460048997,-0.08615002847927744,1.0987128,-0.02270519999999987,33.01307013030371,37.65087846482749,10.198699713804725,0.015297588929292928,True,2.6190933306267428,test,443.79018198297797,6.680332207446628
B2_c06,B2,3.6C(9%)-5C,standard,,,393.0,409,409,0.82940364,3.6,9.0,5.0,4.790419161676646,5.0,3.6C(9%)-5C,0.00029509395529212125,-3.53003968650195,-0.02082479246051704,-0.04987247893740465,1.0903428,0.00025420000000009324,33.81904518975318,39.79713499833347,10.179313703703778,0.016037468727272727,True,2.5943925503754266,test,664.9548414782698,69.19970521075568
B2_c07,B2,4.8C(80%)-4.8C-newstructure,newstructure,,,777.0,806,806,0.8264814,4.8,80.0,4.8,4.8,4.8,4.8C(80%)-4.8C,5.865835912266468e-05,-4.231670089905405,-0.008823099834708447,-0.021737979924043582,1.0903423,0.00692769999999987,33.769687089746824,37.14950685044427,10.035777525252517,0.014790622575757575,True,2.890421018800914,test,1014.3257015292758,30.543848330666123
B2_c08,B2,5.2C(58%)-4C-newstructure,newstructure,,,904.0,947,947,0.8255862,5.2,58.0,4.0,4.803695150115473,5.2,5.2C(58%)-4C,7.899098323286501e-05,-4.10242248030074,-0.011203415580045945,-0.027841110945332148,1.0917038,-0.0007699999999999374,33.59868374090274,35.67410978205122,10.039869831649831,0.016466365090909093,True,2.9561684304753633,test,949.9679594643942,5.084951268185199
B2_c09,B2,5.6C(26%)-4.5C-newstructure,newstructure,,,791.0,819,819,0.82610458,5.6,26.0,4.5,4.8068669527897,5.6,5.6C(26%)-4.5C,4.5245388051825846e-05,-4.344425682662564,-0.007446960333569007,-0.019754152325308416,1.0985823,-0.0010336999999998042,32.3508526526095,33.58605048865401,10.039928501683493,0.015396235121212121,True,2.8981764834976764,test,1070.471384820707,35.33140136797813
B2_c10,B2,4.8C(80%)-4.8C,standard,,,492.0,519,519,0.82791102,4.8,80.0,4.8,4.8,4.8,4.8C(80%)-4.8C,0.00035407876899738185,-3.4509001132975605,-0.02952029629956943,-0.05580244986198335,1.1099281,0.006365199999999849,31.720791269063756,34.35574737651137,10.16949961279455,0.01705791890909091,True,2.69196510276736,test,625.5479676877849,27.143895871500987
B2_c11,B2,5.2C(50%)-4.25C,standard,,,449.0,468,468,0.82524824,5.2,50.0,4.25,4.797829036635006,5.2,5.2C(50%)-4.25C,0.000327044446642087,-3.485393220979881,-0.024012633467613776,-0.05489875594719695,1.0982223,0.010471899999999978,33.146477466034135,37.95576609273272,10.173883215488233,0.017218941555555558,True,2.6522463410033232,test,642.7235157232576,43.1455491588547
B2_c12,B2,4.65C(44%)-5C,standard,,,466.0,493,493,0.82528538,4.65,44.0,5.0,4.80123902942695,5.0,4.65C(44%)-5C,0.0006792531042316953,-3.1679683681509765,-0.03939759227215439,-0.07733124344865683,1.1027151,0.0038705999999999463,31.314676947956993,33.595392015367096,10.1748585521886,0.016522920343434343,True,2.66838591669,test,484.6645244132295,4.0052627496200675
B2_c13,B2,4.65C(69%)-6C,standard,,,460.0,483,483,0.82574999,4.65,69.0,6.0,4.798452112221864,6.0,4.65C(69%)-6C,0.00045243092034126796,-3.3444477218838284,-0.0340700221226121,-0.06467448840609535,1.0968143,-0.001671499999999826,31.946988973926523,35.07161897259711,10.214119579124512,0.01606717822222222,True,2.662757831681574,test,572.5409096094936,24.46541513249861
B2_c14,B2,3.6C(30%)-6C,standard,,,426.0,461,461,0.82618046,3.6,30.0,6.0,4.800000000000001,6.0,3.6C(30%)-6C,0.0007611671443129553,-3.118519966248836,-0.04455576451036339,-0.0837144352028476,1.0849262,-0.007291900000000018,32.12387700158536,35.20046863818076,49.87950749158258,0.016259522828282826,True,2.629409599102719,test,460.0421154969435,7.991106924165139
B2_c15,B2,3.6C(9%)-5C,standard,,,396.0,414,414,0.82608759,3.6,9.0,5.0,4.790419161676646,5.0,3.6C(9%)-5C,0.0003046127470747836,-3.516251926776714,-0.024135288352654265,-0.05093467639415561,1.0711806,0.0058939000000000075,32.862747677246595,36.07268366663823,10.173053501683547,0.01630382292929293,True,2.597695185925512,test,658.0893444159764,66.18417788282231
B2_c16,B2,4.8C(80%)-4.8C,standard,,,472.0,499,499,0.82648873,4.8,80.0,4.8,4.8,4.8,4.8C(80%)-4.8C,0.0003199771811309943,-3.494880991874622,-0.026244652410942607,-0.0532543676756424,1.0965556,-0.0024861000000000466,32.7673986704417,36.992036254667184,10.171620942760956,0.017490529151515152,True,2.673941998634088,test,647.4478701146631,37.171158922598124
B2_c17,B2,5.6C(26%)-4.5C,standard,,,471.0,494,494,0.8272146,5.6,26.0,4.5,4.8068669527897,5.6,5.6C(26%)-4.5C,0.0003159772910980138,-3.5003441284740386,-0.024346340387445996,-0.05256239657553352,1.09258,0.0018574999999998454,32.988612809790894,34.74907966738554,10.181222777777869,0.017088656323232324,True,2.673020907128896,test,650.1681922715362,38.039955896292184
B2_c18,B2,5.2C(50%)-4.25C,standard,,,449.0,467,467,0.82719898,5.2,50.0,4.25,4.797829036635006,5.2,5.2C(50%)-4.25C,0.00019619921427892916,-3.707302736176298,-0.016640891110932497,-0.03974566910430133,1.0786648,0.007177800000000012,32.88627829858526,36.40182568496011,10.174147626262666,0.016646742727272727,True,2.6522463410033232,test,753.221461367573,67.75533660747729
B2_c19,B2,6C(60%)-3C,standard,,,392.0,411,411,0.82597393,6.0,60.0,3.0,4.8,6.0,6C(60%)-3C,0.0005105543672328962,-3.291958004542694,-0.03430820779792184,-0.06565175087353758,1.0924506,0.0006085999999998482,32.770067410122046,36.54883267067881,10.173763619528666,0.01671825815151515,True,2.593286067020457,test,546.404103675271,39.3888019579773
B2_c20,B2,5.2C(58%)-4C,standard,,,489.0,506,506,0.82856864,5.2,58.0,4.0,4.803695150115473,5.2,5.2C(58%)-4C,0.0003619883290668569,-3.4413054314104006,-0.024435139451588442,-0.06050408803806073,1.1000065,0.0038581999999998118,33.619111185067155,36.88625705741767,49.793331346801345,0.01661085888888889,True,2.6893088591236203,test,620.770377881852,26.94690754230103
B2_c21,B2,6C(60%)-3C,standard,,,408.0,426,426,0.82783753,6.0,60.0,3.0,4.8,6.0,6C(60%)-3C,0.0004713254868518693,-3.326679075199306,-0.03328855261100499,-0.06446758204398206,1.102361,-0.002316299999999938,33.60118814118363,38.660766342322724,10.174732340067363,0.017200276171717172,True,2.61066016308988,test,563.6931639245843,38.160089197202026
B2_c24,B2,4.8C(80%)-4.8C,standard,,,514.0,536,536,0.82615805,4.8,80.0,4.8,4.8,4.8,4.8C(80%)-4.8C,0.00022862026926774183,-3.6408852680750527,-0.02277147977476359,-0.04572997432532899,1.0956398,0.00628659999999992,33.206377241160645,38.17140352057085,10.169998855218859,0.016515376717171716,True,2.710963118995276,test,720.1494510322409,40.10689708798461
B2_c25,B2,5.2C(58%)-4C,standard,,,493.0,511,511,0.82751423,5.2,58.0,4.0,4.803695150115473,5.2,5.2C(58%)-4C,0.0002920936192579677,-3.5344779300217333,-0.023610982444417374,-0.05050846489030969,1.1010141,0.005356099999999975,32.23848796399698,34.442510549892894,10.172931649831627,0.016740415888888888,True,2.69284691927723,test,667.1648268895362,35.327551093212215
B2_c26,B2,5.6C(26%)-4.5C,standard,,,450.0,476,476,0.82529837,5.6,26.0,4.5,4.8068669527897,5.6,5.6C(26%)-4.5C,0.0005997170447101127,-3.2220536077932804,-0.03803854165400029,-0.0733087791289827,1.1064944,4.099999999995774e-05,33.75843376995604,36.91322322353181,49.821311936026895,0.017700572575757578,True,2.6532125137753435,test,511.5958070347309,13.687957118829091
B2_c27,B2,5.2C(50%)-4.25C,standard,,,474.0,493,493,0.8266983,5.2,50.0,4.25,4.797829036635006,5.2,5.2C(50%)-4.25C,0.0003264347368865592,-3.48620363289781,-0.02468392780224258,-0.05449125756065937,1.0961983,0.006948799999999977,33.30411096115286,38.09066395642736,10.174646397306278,0.017588691222222223,True,2.6757783416740852,test,643.1270534083253,35.680812955342894
B2_c28,B2,4.8C(80%)-4.8C,standard,,,437.0,456,456,0.82741743,4.8,80.0,4.8,4.8,4.8,4.8C(80%)-4.8C,0.00037721489290159214,-3.4234111691232063,-0.027989332592662373,-0.05649138678277321,1.0936617,0.005930200000000108,32.14391413111333,35.334859521378185,49.80539951178443,0.016274739303030306,True,2.640481436970422,test,611.8600829816745,40.01374896605824
B2_c29,B2,5.2C(58%)-4C,standard,,,452.0,470,470,0.82541627,5.2,58.0,4.0,4.803695150115473,5.2,5.2C(58%)-4C,0.0003102785983552323,-3.5082481790944344,-0.02532223237657199,-0.05263352953614442,1.1057531,0.010227500000000056,31.797490897448792,34.4382320224806,10.173048585858563,0.016732251515151515,True,2.655138434811382,test,654.103946694006,44.71326254292169
B2_c30,B2,5.6C(26%)-4.5C,standard,,,412.0,429,429,0.82665932,5.6,26.0,4.5,4.8068669527897,5.6,5.6C(26%)-4.5C,0.0006525149114268708,-3.1854095592748743,-0.03965588948997046,-0.07552303651130998,1.0984639,-0.005918899999999949,33.811821415675354,37.34308786098118,49.829394528619524,0.016883249333333333,True,2.6148972160331345,test,493.3492164016499,19.744955437293672
B2_c31,B2,5.6C(26%)-4.5C,standard,,,425.0,446,446,0.82528561,5.6,26.0,4.5,4.8068669527897,5.6,5.6C(26%)-4.5C,0.00044426404704274566,-3.35235883148731,-0.030624456764042955,-0.06422883358208353,1.09855,0.002072800000000097,33.3758501254003,35.656391701768925,10.194512441077386,0.016325805828282827,True,2.6283889300503116,test,576.4801789922326,35.64239505699591
B2_c32,B2,4.8C(80%)-4.8C-newstructure,newstructure,,,809.0,834,834,0.82744044,4.8,80.0,4.8,4.8,4.8,4.8C(80%)-4.8C,7.388118368069333e-05,-4.131466155166347,-0.013389939833647101,-0.02746120651303563,1.09124,-0.003806299999999929,32.16894887045923,33.94637920302098,49.67143777777785,0.014811171424242424,True,2.9079485216122722,test,964.4300090244159,19.212609273722606
B2_c33,B2,5.2C(58%)-4C-newstructure,newstructure,,,1140.0,1190,1190,0.82506907,5.2,58.0,4.0,4.803695150115473,5.2,5.2C(58%)-4C,5.866400117176798e-05,-4.23162831933775,-0.011579541007786182,-0.024084742136216253,1.0744437,-0.005766399999999949,32.74157143407892,34.30263809635044,10.039563535353459,0.014990987444444446,True,3.0569048513364727,test,1014.304902232273,11.025885769098862
B2_c34,B2,5.6C(26%)-4.5C-newstructure,newstructure,,,1186.0,1252,1252,0.82562441,5.6,26.0,4.5,4.8068669527897,5.6,5.6C(26%)-4.5C,3.5597117054099105e-05,-4.448585173324752,-0.008120054579074073,-0.01914294964399932,1.0688004,-0.0043455999999999495,35.66789148456313,38.96110461672359,49.677639663299686,0.01495288393939394,True,3.074084689028244,test,1122.3367125753227,5.367899445588302
B2_c41,B2,5.6C(26%)-4.5C,standard,,,442.0,463,463,0.82606894,5.6,26.0,4.5,4.8068669527897,5.6,5.6C(26%)-4.5C,0.0006724100406155343,-3.1723658101769976,-0.037768291495701274,-0.08093104924483763,1.1056466,0.003105399999999925,30.193787010451164,32.72284623520075,49.81976715488213,,True,2.645422269349092,test,486.854193069552,10.148007481799102
B2_c42,B2,5.2C(50%)-4.25C,standard,,,474.0,497,497,0.82577723,5.2,50.0,4.25,4.797829036635006,5.2,5.2C(50%)-4.25C,0.0003291640157368037,-3.482587648007536,-0.02934071492636848,-0.054167624970645756,1.1048694,0.00849040000000012,31.709620029469267,35.574378964676875,10.175111565656563,,True,2.6757783416740852,test,641.3265046508623,35.30095034828318
B2_c43,B2,4.8C(80%)-4.8C-newstructure,newstructure,,,1029.0,1061,1061,0.82532436,4.8,80.0,4.8,4.8,4.8,4.8C(80%)-4.8C,5.3483284647826735e-05,-4.271781928623568,-0.00777834835139346,-0.019164842112240565,1.0997281,-0.0031058000000001584,33.92914533704784,36.974381633341416,10.036751245791278,,True,3.012415374762433,test,1034.2990486408225,0.5149707133938336
B2_c44,B2,5.2C(58%)-4C-newstructure,newstructure,,,841.0,874,874,0.82503617,5.2,58.0,4.0,4.803695150115473,5.2,5.2C(58%)-4C,4.3199281110227894e-05,-4.36452348032534,-0.008750572617170911,-0.020302277620516618,1.098514,-0.0010189000000000448,33.959958369682994,36.87902531115461,49.66138013468012,,True,2.924795995797912,test,1080.4789113197226,28.475494806150124
B2_c45,B2,5.6C(26%)-4.5C-newstructure,newstructure,,,997.0,1027,1027,0.82734823,5.6,26.0,4.5,4.8068669527897,5.6,5.6C(26%)-4.5C,6.680132101075869e-05,-4.175214949171005,-0.011157666285585534,-0.026670418787086536,1.1031003,-0.0035545999999999633,35.271412144027664,37.86687606904903,10.040190555555519,,True,2.998695158311656,test,986.214346922916,1.0818107399281867
B2_c46,B2,4.8C(80%)-4.8C,standard,,,503.0,523,523,0.82638663,4.8,80.0,4.8,4.8,4.8,4.8C(80%)-4.8C,0.00030983099889204734,-3.5088751328187002,-0.02283429863191323,-0.05286240500828243,1.1016624,-0.001817100000000016,29.88150861827619,31.012200654155585,49.80284373737376,,True,2.7015679850559273,test,654.4161329402068,30.102610922506322
B3_c00,B3,5C(67%)-4C-newstructure,newstructure,,,1009.0,1008,1008,0.8804329,5.0,67.0,4.0,4.804804804804805,5.0,5C(67%)-4C,5.687024898905241e-05,-4.245114870317645,-0.01010217739369119,-0.02331165742747432,1.0704191,-0.0009647000000001515,32.19485323078261,33.560153344027476,10.042610084175084,0.015235852282828283,True,3.0038911662369103,test,1021.0204149753235,1.19131962094386
B3_c01,B3,5.3C(54%)-4C-newstructure,newstructure,,,1063.0,1062,1062,0.8802734,5.3,54.0,4.0,4.7936687394007915,5.3,5.3C(54%)-4C,5.181521321780508e-05,-4.28554271039912,-0.009621018929360837,-0.022324177554068236,1.068262,-0.001784299999999961,34.83231929224147,37.98835277556221,10.041381363636303,0.014984559090909092,True,3.0265332645232967,test,1041.1511122637476,2.055398658161095
B3_c02,B3,5.6C(19%)-4.6C-newstructure,newstructure,,,1267.0,1266,1266,0.88013124,5.6,19.0,4.6,4.803729603729602,5.6,5.6C(19%)-4.6C,1.6619555727408117e-05,-4.77938058992098,-0.0026131423354832516,-0.008648038341613706,1.0627875,-0.0021739999999998982,36.79033178065713,40.52425904411359,10.043663265993228,0.014618566616161614,True,3.1027766148834415,test,1287.0534617876558,1.5827515223090611
B3_c03,B3,5.6C(36%)-4.3C-newstructure,newstructure,,,1115.0,1114,1114,0.88058406,5.6,36.0,4.3,4.8015952143569285,5.6,5.6C(36%)-4.3C,7.645259474220121e-05,-4.116607770381197,-0.010705414352713173,-0.026836614735112785,1.0651054,-0.0015107999999999233,36.083742449765445,39.4408972847914,10.041502946127972,0.014999963767676767,True,3.0472748673841794,test,957.0314033679681,14.16758714188627
B3_c04,B3,5.6C(19%)-4.6C-newstructure,newstructure,,,1048.0,1047,1047,0.88001466,5.6,19.0,4.6,4.803729603729602,5.6,5.6C(19%)-4.6C,6.630317519564988e-05,-4.178465673149821,-0.01010643886890673,-0.024810275761238065,1.0745391,-0.0006804999999998618,32.11715379681873,32.98110366119802,10.045573973063998,0.01512910390909091,True,3.0203612826477078,test,987.8330171326992,5.741124319398933
B3_c05,B3,5.6C(36%)-4.3C-newstructure,newstructure,,,828.0,827,827,0.88066918,5.6,36.0,4.3,4.8015952143569285,5.6,5.6C(36%)-4.3C,7.683799523990656e-05,-4.114423974726586,-0.011445765437692483,-0.025445098246365427,1.0536922,-0.0018407000000000284,35.56013985266867,39.69079276471186,10.042010656565726,0.01518261805050505,True,2.9180303367848803,test,955.9440009944019,15.452174033140325
B3_c06,B3,3.7C(31%)-5.9C-newstructure,newstructure,,,667.0,666,666,0.88052577,3.7,31.0,5.9,4.795167490389896,5.9,3.7C(31%)-5.9C,0.00029805183986089944,-3.5257081929454923,-0.028517561100453784,-0.05320164659124538,1.0624539,-0.01867390000000002,34.1072055276095,36.98765147763979,10.080923367003404,0.01373066093939394,True,2.824125833916549,test,662.7980112984711,0.6299833135725451
B3_c07,B3,4.8C(80%)-4.8C-newstructure,newstructure,,,1836.0,1835,1835,0.88036358,4.8,80.0,4.8,4.8,4.8,4.8C(80%)-4.8C,3.2453221357996856e-05,-4.488742187967907,-0.007037779014879844,-0.017059021835070354,1.0702851,-0.0018107999999998903,32.79694473003086,34.27477909930833,11.040740218855252,0.015428265515151515,True,3.2638726768652235,test,1142.3325546524404,37.78145127165357
B3_c08,B3,5C(67%)-4C-newstructure,newstructure,,,828.0,827,827,0.88094097,5.0,67.0,4.0,4.804804804804805,5.0,5C(67%)-4C,8.094615840627263e-05,-4.091803757442373,-0.011806368426415048,-0.026848970612832312,1.0679353,-0.0009093000000000018,33.05552416009523,35.07929651965402,10.043270673400722,0.015253319353535353,True,2.9180303367848803,test,944.6804572129593,14.09184265856996
B3_c09,B3,5.3C(54%)-4C-newstructure,newstructure,,,1039.0,1038,1038,0.8801114,5.3,54.0,4.0,4.7936687394007915,5.3,5.3C(54%)-4C,0.00010416049784765705,-3.982296953008088,-0.01447801181075607,-0.0295752747869662,1.0727774,-0.00033180000000010423,33.08832983925303,35.096178847547726,10.04115065656567,0.0157985837979798,True,3.016615547557177,test,890.1524802879856,14.32603654591092
B3_c10,B3,4.8C(80%)-4.8C-newstructure,newstructure,,,1078.0,1077,1077,0.88064086,4.8,80.0,4.8,4.8,4.8,4.8C(80%)-4.8C,3.8783238947594476e-05,-4.4113559240265765,-0.008335183582489896,-0.019093025885229542,1.0643069,-0.0019160000000000288,32.5348014795901,34.79216549532189,11.03944392255893,0.015373074717171718,True,3.03261876085072,test,1103.7987262177421,2.393202803130066
B3_c11,B3,5.6C(19%)-4.6C-newstructure,newstructure,,,817.0,816,816,0.88113368,5.6,19.0,4.6,4.803729603729602,5.6,5.6C(19%)-4.6C,0.00013034033579521087,-3.884921164468091,-0.015620691175653465,-0.034087374997818,1.0706047,-0.002304900000000165,34.20373702283128,37.60932852326845,10.042466936026983,0.015524714272727273,True,2.9122220565324155,test,841.6650390007512,3.0189766218789744
B3_c12,B3,5.6C(36%)-4.3C-newstructure,newstructure,,,932.0,931,931,0.88080788,5.6,36.0,4.3,4.8015952143569285,5.6,5.6C(36%)-4.3C,0.00011303424118898805,-3.9467899768101886,-0.01531489306361951,-0.03173492178819726,1.0765386,-0.001004299999999958,33.2205731520236,35.54210110086918,10.042442037037002,0.016047835363636364,True,2.9694159123539814,test,872.4720850943106,6.387115333228476
B3_c13,B3,5.6C(19%)-4.6C-newstructure,newstructure,,,816.0,815,815,0.88024569,5.6,19.0,4.6,4.803729603729602,5.6,5.6C(19%)-4.6C,8.045138308284514e-05,-4.094466485311571,-0.01176548019743392,-0.027646083960900736,1.0689164,-0.0016103999999999008,34.117685281854214,37.2332789817954,10.042358249158225,0.015128562717171718,True,2.9116901587538613,test,946.0063397876465,15.932149483780215
B3_c14,B3,5.6C(36%)-4.3C-newstructure,newstructure,,,858.0,857,857,0.88065648,5.6,36.0,4.3,4.8015952143569285,5.6,5.6C(36%)-4.3C,0.00010007654534836023,-3.999667694941731,-0.013203557332650977,-0.029282360362737236,1.0763183,7.359999999989597e-05,33.11953606667905,35.48777029470216,10.041858265993287,0.015551921989898989,True,2.9334872878487053,test,898.8020927044977,4.755488660197865
B3_c15,B3,5.9C(15%)-4.6C-newstructure,newstructure,,,876.0,875,875,0.88058048,5.9,15.0,4.6,4.798232044198895,5.9,5.9C(15%)-4.6C,9.984253014088351e-05,-4.000684421929468,-0.013340330831580071,-0.02948434500233621,1.0709045,-0.001545099999999966,33.51055049283859,36.80771071001128,10.041636582491641,0.015306011222222221,True,2.9425041061680806,test,899.3083632144694,2.66077205644628
B3_c16,B3,4.8C(80%)-4.8C-newstructure,newstructure,,,1638.0,1637,1637,0.88014877,4.8,80.0,4.8,4.8,4.8,4.8C(80%)-4.8C,2.020628622431914e-05,-4.694513499472995,-0.005323302354980101,-0.013451995639618852,1.0635999,-0.0010419999999999874,34.94134876933804,37.832425406113444,11.040587407407406,0.015311050717171718,True,3.2143138974244,test,1244.7946197591277,24.005212468917723
B3_c17,B3,5.3C(54%)-4C-newstructure,newstructure,,,1315.0,1314,1314,0.88043362,5.3,54.0,4.0,4.7936687394007915,5.3,5.3C(54%)-4C,3.633180045384266e-05,-4.439713079764758,-0.007236216829825155,-0.017882391550413823,1.0689212,-0.002462699999999929,35.07228784758458,37.401601987565016,10.042102811447803,0.015443586646464646,True,3.1189257528257768,test,1117.9189294483765,14.987153654115856
B3_c18,B3,5.6C(19%)-4.6C-newstructure,newstructure,,,1146.0,1145,1145,0.88003904,5.6,19.0,4.6,4.803729603729602,5.6,5.6C(19%)-4.6C,5.571190370898626e-05,-4.254052001185467,-0.010342257243667845,-0.02345576998165999,1.0700043,-0.003002799999999972,35.2914180269327,37.97024186611959,10.043108299663281,0.015015526535353535,True,3.059184617631371,test,1025.470582873598,10.517401145410297
B3_c19,B3,5.6C(36%)-4.3C-newstructure,newstructure,,,1155.0,1154,1154,0.88007373,5.6,36.0,4.3,4.8015952143569285,5.6,5.6C(36%)-4.3C,6.730667325120848e-05,-4.171941874669042,-0.011545479663150093,-0.025293657704202555,1.0738823,-0.003026999999999891,35.098359536899686,37.876070766588285,10.043189629629582,0.01546349318181818,True,3.062581984228163,test,984.5845474612408,14.754584635390403
B3_c20,B3,5C(67%)-4C-newstructure,newstructure,,,813.0,812,812,0.88059181,5.0,67.0,4.0,4.804804804804805,5.0,5C(67%)-4C,8.583320053473407e-05,-4.066344693269561,-0.011919383387319954,-0.028071993572476917,1.0675322,-0.0010921000000001513,33.10212248197412,35.739254750947524,10.043380471380495,0.015263322232323233,True,2.910090545594068,test,932.0033338970322,14.637556444899413
B3_c21,B3,3.7C(31%)-5.9C-newstructure,newstructure,,,772.0,771,771,0.8801983,3.7,31.0,5.9,4.795167490389896,5.9,3.7C(31%)-5.9C,0.00019754830798491912,-3.704326685729231,-0.02353870422305198,-0.04327614857800555,1.0686178,-0.01478619999999986,34.900399416468076,37.9177756860133,10.079161515151517,0.014093014131313131,True,2.887617300335736,test,751.7395624943154,2.624409003327027
B3_c22,B3,5.9C(60%)-3.1C-newstructure,newstructure,,,1002.0,1001,1001,0.88094068,5.9,60.0,3.1,4.813157894736842,5.9,5.9C(60%)-3.1C,8.977958692912617e-05,-4.046822397094466,-0.013722550516362944,-0.028409329718630083,1.0585029,-0.0015982999999999414,34.61069656408486,37.53223438730429,10.042550235690172,0.015685687353535354,True,3.0008677215312267,test,922.2823734429551,7.955850953796899
B3_c24,B3,5C(67%)-4C-newstructure,newstructure,,,825.0,824,824,0.88021326,5.0,67.0,4.0,4.804804804804805,5.0,5C(67%)-4C,6.994312062017459e-05,-4.155254994876533,-0.010345482795288031,-0.0247723986145858,1.0499612,0.00012279999999997848,34.68760501613314,37.236331842653044,10.041832441077416,0.015554037858585858,True,2.916453948549925,test,976.275458350511,18.336419194001337
B3_c25,B3,5.3C(54%)-4C-newstructure,newstructure,,,989.0,988,988,0.88167018,5.3,54.0,4.0,4.7936687394007915,5.3,5.3C(54%)-4C,7.135743905511085e-05,-4.1465607447332715,-0.010925821646167616,-0.026576249209760316,1.0642061,0.00016020000000005474,35.581863891916996,38.88624032121535,10.042413013468028,0.015641851515151513,True,2.9951962915971793,test,971.9462308322684,1.7243447085674029
B3_c26,B3,5.6C(19%)-4.6C-newstructure,newstructure,,,1028.0,1027,1027,0.88023561,5.6,19.0,4.6,4.803729603729602,5.6,5.6C(19%)-4.6C,6.032434097872005e-05,-4.219507413901045,-0.01013959278346487,-0.02417913926788795,1.0749502,-0.0005151999999999379,35.745916536891265,39.14135891629516,10.042290858585826,0.015593572727272726,True,3.011993114659257,test,1008.2694010104376,1.9193189678562643
B3_c27,B3,5.6C(36%)-4.3C-newstructure,newstructure,,,850.0,849,849,0.88002509,5.6,36.0,4.3,4.8015952143569285,5.6,5.6C(36%)-4.3C,7.410844302086189e-05,-4.130132310934438,-0.01070991087322853,-0.026600290807078597,1.0638406,-0.0010832000000000619,35.30844806776434,38.44588898200405,10.045002356902378,0.014919440515151516,True,2.929418925714293,test,963.7658326942346,13.384215611086429
B3_c28,B3,3.7C(31%)-5.9C-newstructure,newstructure,,,541.0,540,540,0.88010961,3.7,31.0,5.9,4.795167490389896,5.9,3.7C(31%)-5.9C,0.00035346149253269254,-3.451657893017001,-0.03025611921470947,-0.05783112055064066,1.0524576,-0.018448300000000195,35.69688828820833,39.55791836716046,10.088611986532047,0.01342088496969697,True,2.7331972651065692,test,625.9252976196492,15.697836898271571
B3_c29,B3,5.9C(15%)-4.6C-newstructure,newstructure,,,858.0,857,857,0.88007307,5.9,15.0,4.6,4.798232044198895,5.9,5.9C(15%)-4.6C,8.638212824469724e-05,-4.0635761002012085,-0.011300575148553208,-0.028921475161164945,1.0698459,-0.00021099999999996122,31.262889334066085,31.680285422399464,10.041979612794579,0.014824126747474747,True,2.9334872878487053,test,930.6247366516313,8.464421521169154
B3_c30,B3,5.3C(54%)-4C-newstructure,newstructure,,,935.0,934,934,0.88024825,5.3,54.0,4.0,4.7936687394007915,5.3,5.3C(54%)-4C,7.939158148811134e-05,-4.1002255467806545,-0.011137570899382837,-0.026737169755743473,1.0717069,-0.0006960999999998663,32.24311941023021,33.956406563514356,10.04344259259257,0.015572678929292929,True,2.9708116108725178,test,948.8740152030508,1.483851893374419
B3_c31,B3,5.9C(60%)-3.1C-newstructure,newstructure,,,731.0,730,730,0.88031369,5.9,60.0,3.1,4.813157894736842,5.9,5.9C(60%)-3.1C,0.00014467616046037193,-3.8396030254357147,-0.01635054856148944,-0.035619409739265695,1.0708563,-0.0010414000000000811,34.00003070157337,36.77304266866142,10.045700723905671,0.015875272090909092,True,2.8639173769578603,test,819.0992591644574,12.051882238639864
B3_c33,B3,5C(67%)-4C-newstructure,newstructure,,,1284.0,1283,1283,0.88079751,5.0,67.0,4.0,4.804804804804805,5.0,5C(67%)-4C,4.0188487978171294e-05,-4.395898333073689,-0.00784867836178756,-0.019885925647910252,1.0624503,-0.0015305000000001012,33.10710984192206,34.284327507895505,10.043259696969717,0.015340797171717173,True,3.1085650237328344,test,1096.1017509736103,14.6338200176316
B3_c34,B3,5.3C(54%)-4C-newstructure,newstructure,,,1158.0,1157,1157,0.88017184,5.3,54.0,4.0,4.7936687394007915,5.3,5.3C(54%)-4C,4.946983882423062e-05,-4.305659504591576,-0.00955200556777299,-0.02150989276991433,1.0640321,-0.002482799999999896,35.77943527518052,38.98815031750086,10.043539814814821,0.015302312080808081,True,3.0637085593914173,test,1051.1680979222865,9.225552856451943
B3_c35,B3,5.6C(19%)-4.6C-newstructure,newstructure,,,1093.0,1092,1092,0.88011736,5.6,19.0,4.6,4.803729603729602,5.6,5.6C(19%)-4.6C,5.8229318902417414e-05,-4.234858289724564,-0.009826425701495065,-0.02302807515263361,1.0652138,-0.0019807000000000574,35.53294150182224,38.53730929443863,10.043588619528592,0.01537437201010101,True,3.038620161949703,test,1015.9132383683736,7.052768676269566
B3_c36,B3,5.6C(36%)-4.3C-newstructure,newstructure,,,923.0,922,922,0.88060242,5.6,36.0,4.3,4.8015952143569285,5.6,5.6C(36%)-4.3C,5.5788165335225655e-05,-4.253457920681209,-0.009908357469924613,-0.022981813517992444,1.0600277,-0.0022610000000000685,35.87907157748097,39.38680749559563,10.043494949494974,0.0151344318989899,True,2.965201701025912,test,1025.174765566216,11.069855424292081
B3_c37,B3,4.8C(80%)-4.8C-newstructure,newstructure,,,1390.0,1389,1389,0.88049883,4.8,80.0,4.8,4.8,4.8,4.8C(80%)-4.8C,7.96423654716803e-06,-5.098855849397497,-0.001076797766325731,-0.008439822988718593,1.0487504,-0.0003543000000001406,35.01461049108638,37.82132622347397,11.038428198653163,0.014715773414141415,True,3.143014800254095,test,1446.133435555764,4.038376658688056
B3_c38,B3,5C(67%)-4C-newstructure,newstructure,,,1935.0,1934,1934,0.88000458,5.0,67.0,4.0,4.804804804804805,5.0,5C(67%)-4C,4.5493249228224246e-05,-4.342053043792284,-0.008693083372975452,-0.020147005721674938,1.0723419,-0.0012724000000001734,34.745836319764145,37.739090670595026,10.043707962962927,0.01583589924242424,True,3.28668096935493,test,1069.2899495826116,44.73953748927072
B3_c39,B3,5.3C(54%)-4C-newstructure,newstructure,,,1156.0,1155,1155,0.88043225,5.3,54.0,4.0,4.7936687394007915,5.3,5.3C(54%)-4C,3.510467231268054e-05,-4.454635076566319,-0.006428438589560583,-0.017457917694832736,1.0504172,-0.0009133999999999531,33.88702183984078,36.074946023996944,10.043092710437714,0.01556316008080808,True,3.0629578340845103,test,1125.349210164479,2.65145240791704
B3_c40,B3,5.6C(19%)-4.6C-newstructure,newstructure,,,796.0,795,795,0.88070726,5.6,19.0,4.6,4.803729603729602,5.6,5.6C(19%)-4.6C,5.068643250322407e-05,-4.29510827493732,-0.009078861478925766,-0.022053794482172262,1.0632297,-0.001472299999999871,34.05341123035083,37.52781017366225,10.043764865319858,0.015390749383838383,True,2.900913067737669,test,1045.9142033347348,31.396256700343567
B3_c41,B3,5.6C(36%)-4.3C-newstructure,newstructure,,,786.0,785,785,0.88062328,5.6,36.0,4.3,4.8015952143569285,5.6,5.6C(36%)-4.3C,6.03240691683163e-05,-4.2195093707566445,-0.009748050525024678,-0.024192993699098664,1.0537622,0.0003908999999999718,33.64026279895059,36.62919119540176,10.043162962962905,0.018306992535353537,True,2.895422546039408,test,1008.2703754099512,28.278673716278774
B3_c42,B3,4.8C(80%)-4.8C-newstructure,newstructure,,,1642.0,1641,1641,0.88037544,4.8,80.0,4.8,4.8,4.8,4.8C(80%)-4.8C,4.5061465820542114e-05,-4.346194685061839,0.0007845194706261452,-0.005609789046358671,1.069122,-0.00015739999999997423,33.033265993015775,35.57262282220451,11.03849814814812,0.016131830323232323,True,3.215373152783422,test,1071.3522444394878,34.75321288431865
B3_c43,B3,5C(67%)-4C-newstructure,newstructure,,,1046.0,1045,1045,0.88060749,5.0,67.0,4.0,4.804804804804805,5.0,5C(67%)-4C,4.822275074444368e-05,-4.316748020025344,-0.003266056933426803,-0.01297639899175873,1.0726073,-0.0001888000000001,33.89526904792961,36.95614928561783,10.043652104377044,0.015828501373737373,True,3.0195316845312554,test,1056.6895293696584,1.0219435343841712
B3_c44,B3,5.3C(54%)-4C-newstructure,newstructure,,,940.0,939,939,0.88046378,5.3,54.0,4.0,4.7936687394007915,5.3,5.3C(54%)-4C,7.387618796699746e-05,-4.131495522376496,-0.011231061096491921,-0.02598513188750473,1.0727483,0.00018009999999990534,33.35164903826186,36.336163666791506,10.043212407407367,0.015572503777777776,True,2.9731278535996988,test,964.4446321756038,2.600492784638705
B3_c45,B3,4.8C(80%)-4.8C-newstructure,newstructure,,,1801.0,1800,1800,0.88047254,4.8,80.0,4.8,4.8,4.8,4.8C(80%)-4.8C,3.014041303195534e-05,-4.5208508005857535,-0.007131752461986142,-0.016477960740300612,1.0713308,-0.00020569999999997535,32.725963552331145,34.6817726725469,11.038587558922577,0.015618692474747476,True,3.2555137128195333,test,1158.3207637592955,35.68457724823457
