cell_id,batch,policy_key,cycle_life,last_QD,near_eol,split,cv_fold
B1_c00,B1,3.6C(80%)-3.6C,1190.0,1.0262098,False,excluded,-1
B1_c01,B1,3.6C(80%)-3.6C,1179.0,1.0382246,False,excluded,-1
B1_c02,B1,3.6C(80%)-3.6C,1177.0,1.0432786,False,excluded,-1
B1_c03,B1,4C(80%)-4C,1226.0,0.97092122,False,excluded,-1
B1_c04,B1,4C(80%)-4C,1227.0,1.0219597,False,excluded,-1
B1_c05,B1,4.4C(80%)-4.4C,1074.0,0.88053626,True,train,3
B1_c06,B1,4.8C(80%)-4.8C,636.0,0.8800565,True,valid,-1
B1_c07,B1,4.8C(80%)-4.8C,870.0,0.88110596,True,valid,-1
B1_c08,B1,5.4C(40%)-3.6C,879.0,0.96902454,False,excluded,-1
B1_c09,B1,5.4C(40%)-3.6C,1054.0,0.8809284,True,train,2
B1_c10,B1,5.4C(50%)-3C,906.0,0.96101874,False,excluded,-1
B1_c11,B1,5.4C(50%)-3C,788.0,0.88054359,True,train,1
B1_c12,B1,5.4C(50%)-3.6C,902.0,0.91311944,False,excluded,-1
B1_c13,B1,5.4C(50%)-3.6C,897.0,0.92313582,False,excluded,-1
B1_c14,B1,5.4C(60%)-3C,880.0,0.8800649,True,train,2
B1_c15,B1,5.4C(60%)-3C,719.0,0.88298881,True,train,2
B1_c16,B1,5.4C(60%)-3.6C,862.0,0.88096577,True,train,3
B1_c17,B1,5.4C(60%)-3.6C,857.0,0.8832469,True,train,3
B1_c18,B1,5.4C(70%)-3C,691.0,0.88114411,True,train,1
B1_c19,B1,5.4C(70%)-3C,788.0,0.88093972,True,train,1
B1_c20,B1,5.4C(80%)-5.4C,534.0,0.88078493,True,valid,-1
B1_c21,B1,5.4C(80%)-5.4C,559.0,0.88016534,True,valid,-1
B1_c22,B1,6C(30%)-3.6C,891.0,0.96327895,False,excluded,-1
B1_c23,B1,6C(30%)-3.6C,1014.0,0.88066453,True,train,0
B1_c24,B1,6C(40%)-3C,1017.0,0.88046598,True,train,3
B1_c25,B1,6C(40%)-3C,854.0,0.88019997,True,train,3
B1_c26,B1,6C(40%)-3.6C,870.0,0.88105017,True,train,0
B1_c27,B1,6C(40%)-3.6C,842.0,0.88130057,True,train,0
B1_c28,B1,6C(50%)-3C,860.0,0.88058227,True,train,1
B1_c29,B1,6C(50%)-3C,917.0,0.88035375,True,train,1
B1_c30,B1,6C(50%)-3.6C,709.0,0.88054287,True,train,2
B1_c31,B1,6C(50%)-3.6C,876.0,0.88099223,True,train,2
B1_c32,B1,6C(60%)-3C,731.0,0.88080907,True,valid,-1
B1_c33,B1,6C(60%)-3C,757.0,0.88011229,True,valid,-1
B1_c34,B1,7C(30%)-3.6C,742.0,0.88205445,True,train,0
B1_c35,B1,7C(30%)-3.6C,703.0,0.8802399,True,train,0
B1_c36,B1,7C(40%)-3C,704.0,0.88231802,True,train,2
B1_c37,B1,7C(40%)-3C,648.0,0.88336319,True,train,2
B1_c38,B1,7C(40%)-3.6C,617.0,0.88110942,True,train,3
B1_c39,B1,7C(40%)-3.6C,625.0,0.88011074,True,train,3
B1_c40,B1,8C(15%)-3.6C,966.0,0.88060951,True,train,1
B1_c41,B1,8C(15%)-3.6C,1051.0,0.88106161,True,train,1
B1_c42,B1,8C(25%)-3.6C,702.0,0.88035142,True,valid,-1
B1_c43,B1,8C(25%)-3.6C,651.0,0.88044435,True,valid,-1
B1_c44,B1,8C(35%)-3.6C,616.0,0.88048309,True,train,0
B1_c45,B1,8C(35%)-3.6C,599.0,0.88104212,True,train,0
B2_c00,B2,5.2C(58%)-4C,477.0,0.82661337,True,test,-1
B2_c01,B2,5.6C(26%)-4.5C,491.0,0.82848173,True,test,-1
B2_c02,B2,5.2C(50%)-4.25C,424.0,0.82700932,True,test,-1
B2_c03,B2,4.65C(44%)-5C,499.0,0.82550967,True,test,-1
B2_c04,B2,4.65C(69%)-6C,444.0,0.82712674,True,test,-1
B2_c05,B2,3.6C(30%)-6C,416.0,0.8261537,True,test,-1
B2_c06,B2,3.6C(9%)-5C,393.0,0.82940364,True,test,-1
B2_c07,B2,4.8C(80%)-4.8C,777.0,0.8264814,True,test,-1
B2_c08,B2,5.2C(58%)-4C,904.0,0.8255862,True,test,-1
B2_c09,B2,5.6C(26%)-4.5C,791.0,0.82610458,True,test,-1
B2_c10,B2,4.8C(80%)-4.8C,492.0,0.82791102,True,test,-1
B2_c11,B2,5.2C(50%)-4.25C,449.0,0.82524824,True,test,-1
B2_c12,B2,4.65C(44%)-5C,466.0,0.82528538,True,test,-1
B2_c13,B2,4.65C(69%)-6C,460.0,0.82574999,True,test,-1
B2_c14,B2,3.6C(30%)-6C,426.0,0.82618046,True,test,-1
B2_c15,B2,3.6C(9%)-5C,396.0,0.82608759,True,test,-1
B2_c16,B2,4.8C(80%)-4.8C,472.0,0.82648873,True,test,-1
B2_c17,B2,5.6C(26%)-4.5C,471.0,0.8272146,True,test,-1
B2_c18,B2,5.2C(50%)-4.25C,449.0,0.82719898,True,test,-1
B2_c19,B2,6C(60%)-3C,392.0,0.82597393,True,test,-1
B2_c20,B2,5.2C(58%)-4C,489.0,0.82856864,True,test,-1
B2_c21,B2,6C(60%)-3C,408.0,0.82783753,True,test,-1
B2_c24,B2,4.8C(80%)-4.8C,514.0,0.82615805,True,test,-1
B2_c25,B2,5.2C(58%)-4C,493.0,0.82751423,True,test,-1
B2_c26,B2,5.6C(26%)-4.5C,450.0,0.82529837,True,test,-1
B2_c27,B2,5.2C(50%)-4.25C,474.0,0.8266983,True,test,-1
B2_c28,B2,4.8C(80%)-4.8C,437.0,0.82741743,True,test,-1
B2_c29,B2,5.2C(58%)-4C,452.0,0.82541627,True,test,-1
B2_c30,B2,5.6C(26%)-4.5C,412.0,0.82665932,True,test,-1
B2_c31,B2,5.6C(26%)-4.5C,425.0,0.82528561,True,test,-1
B2_c32,B2,4.8C(80%)-4.8C,809.0,0.82744044,True,test,-1
B2_c33,B2,5.2C(58%)-4C,1140.0,0.82506907,True,test,-1
B2_c34,B2,5.6C(26%)-4.5C,1186.0,0.82562441,True,test,-1
B2_c41,B2,5.6C(26%)-4.5C,442.0,0.82606894,True,test,-1
B2_c42,B2,5.2C(50%)-4.25C,474.0,0.82577723,True,test,-1
B2_c43,B2,4.8C(80%)-4.8C,1029.0,0.82532436,True,test,-1
B2_c44,B2,5.2C(58%)-4C,841.0,0.82503617,True,test,-1
B2_c45,B2,5.6C(26%)-4.5C,997.0,0.82734823,True,test,-1
B2_c46,B2,4.8C(80%)-4.8C,503.0,0.82638663,True,test,-1
B3_c00,B3,5C(67%)-4C,1009.0,0.8804329,True,test,-1
B3_c01,B3,5.3C(54%)-4C,1063.0,0.8802734,True,test,-1
B3_c02,B3,5.6C(19%)-4.6C,1267.0,0.88013124,True,test,-1
B3_c03,B3,5.6C(36%)-4.3C,1115.0,0.88058406,True,test,-1
B3_c04,B3,5.6C(19%)-4.6C,1048.0,0.88001466,True,test,-1
B3_c05,B3,5.6C(36%)-4.3C,828.0,0.88066918,True,test,-1
B3_c06,B3,3.7C(31%)-5.9C,667.0,0.88052577,True,test,-1
B3_c07,B3,4.8C(80%)-4.8C,1836.0,0.88036358,True,test,-1
B3_c08,B3,5C(67%)-4C,828.0,0.88094097,True,test,-1
B3_c09,B3,5.3C(54%)-4C,1039.0,0.8801114,True,test,-1
B3_c10,B3,4.8C(80%)-4.8C,1078.0,0.88064086,True,test,-1
B3_c11,B3,5.6C(19%)-4.6C,817.0,0.88113368,True,test,-1
B3_c12,B3,5.6C(36%)-4.3C,932.0,0.88080788,True,test,-1
B3_c13,B3,5.6C(19%)-4.6C,816.0,0.88024569,True,test,-1
B3_c14,B3,5.6C(36%)-4.3C,858.0,0.88065648,True,test,-1
B3_c15,B3,5.9C(15%)-4.6C,876.0,0.88058048,True,test,-1
B3_c16,B3,4.8C(80%)-4.8C,1638.0,0.88014877,True,test,-1
B3_c17,B3,5.3C(54%)-4C,1315.0,0.88043362,True,test,-1
B3_c18,B3,5.6C(19%)-4.6C,1146.0,0.88003904,True,test,-1
B3_c19,B3,5.6C(36%)-4.3C,1155.0,0.88007373,True,test,-1
B3_c20,B3,5C(67%)-4C,813.0,0.88059181,True,test,-1
B3_c21,B3,3.7C(31%)-5.9C,772.0,0.8801983,True,test,-1
B3_c22,B3,5.9C(60%)-3.1C,1002.0,0.88094068,True,test,-1
B3_c24,B3,5C(67%)-4C,825.0,0.88021326,True,test,-1
B3_c25,B3,5.3C(54%)-4C,989.0,0.88167018,True,test,-1
B3_c26,B3,5.6C(19%)-4.6C,1028.0,0.88023561,True,test,-1
B3_c27,B3,5.6C(36%)-4.3C,850.0,0.88002509,True,test,-1
B3_c28,B3,3.7C(31%)-5.9C,541.0,0.88010961,True,test,-1
B3_c29,B3,5.9C(15%)-4.6C,858.0,0.88007307,True,test,-1
B3_c30,B3,5.3C(54%)-4C,935.0,0.88024825,True,test,-1
B3_c31,B3,5.9C(60%)-3.1C,731.0,0.88031369,True,test,-1
B3_c33,B3,5C(67%)-4C,1284.0,0.88079751,True,test,-1
B3_c34,B3,5.3C(54%)-4C,1158.0,0.88017184,True,test,-1
B3_c35,B3,5.6C(19%)-4.6C,1093.0,0.88011736,True,test,-1
B3_c36,B3,5.6C(36%)-4.3C,923.0,0.88060242,True,test,-1
B3_c37,B3,4.8C(80%)-4.8C,1390.0,0.88049883,True,test,-1
B3_c38,B3,5C(67%)-4C,1935.0,0.88000458,True,test,-1
B3_c39,B3,5.3C(54%)-4C,1156.0,0.88043225,True,test,-1
B3_c40,B3,5.6C(19%)-4.6C,796.0,0.88070726,True,test,-1
B3_c41,B3,5.6C(36%)-4.3C,786.0,0.88062328,True,test,-1
B3_c42,B3,4.8C(80%)-4.8C,1642.0,0.88037544,True,test,-1
B3_c43,B3,5C(67%)-4C,1046.0,0.88060749,True,test,-1
B3_c44,B3,5.3C(54%)-4C,940.0,0.88046378,True,test,-1
B3_c45,B3,4.8C(80%)-4.8C,1801.0,0.88047254,True,test,-1
